公司全名,公司简称,公司规模,融资阶段,区域,职位名称,工作经验,学历要求,工资,职位福利
杭州美间科技有限公司,美间,50-150人,A轮,西湖区,Java研发工程师,3-5年,本科,15k-20k,"五险一金,上升空间大,美女如云,弹性工作"
连连银通电子支付有限公司,连连支付,500-2000人,不需要融资,滨江区,Java软件开发工程师,不限,不限,10k-15k,"扁平化管理,发展前景好"
杭州信牛网络科技有限公司,信用管家,150-500人,不需要融资,西湖区,Java开发工程师,3-5年,大专,15k-25k,"双休,五险一金,带薪年假,餐补福利"
点我达网络科技有限公司,点我达,500-2000人,D轮及以上,下城区,java,3-5年,本科,17k-34k,"弹性工作,15薪,股票期权,双休"
浙江企朋网络技术股份有限公司,企朋,150-500人,不需要融资,西湖区,Java研发工程师,1-3年,本科,10k-20k,"工程师文化,自由开放,高速成长,优秀的队友"
杭州腾展科技股份有限公司,腾展科技,50-150人,上市公司,西湖区,Java开发工程师,3-5年,本科,20k-35k,"全球化产品,海量用户,精英团队,股权激励"
杭州数字裂变科技有限公司,数字裂变,50-150人,不需要融资,滨江区,java工程师,不限,不限,8k-13k,"餐补,交通补,五险一金,带薪年假"
杭州联汇科技股份有限公司,杭州联汇科技股份有限公司,150-500人,C轮,滨江区,Java开发工程师,3-5年,本科,10k-16k,"加班补助,五险一金,高温补贴,年终奖金"
税友软件集团股份有限公司,税友软件,2000人以上,不需要融资,滨江区,Java开发工程师,5-10年,本科,17k-34k,"Java,J2EE"
浙江新华移动传媒股份有限公司,新移传媒,50-150人,不需要融资,上城区,Java工程师,3-5年,本科,13k-25k,"技术导向,景区环境,团队年轻,主流媒体"
郑州点读电子科技有限公司,咿啦看书,150-500人,A轮,滨江区,java开发工程师,3-5年,本科,10k-20k,"扁平化管理,行业独角兽,任性双休,福利活动好"
杭州洋驼网络科技有限公司,海拍客,500-2000人,C轮,西湖区,Java工程师,3-5年,不限,10k-20k,阿里系创业团队，薪资待遇优厚，老板Nice~
杭州嘉云数据科技有限公司,Club Factory,150-500人,C轮,西湖区,Java开发工程师,应届毕业生,本科,8k-15k,"弹性工作,周末双休"
杭州牛邦科技有限公司,牛邦科技,15-50人,天使轮,,Java开发工程师,3-5年,本科,10k-20k,团队靠谱，创业氛围，五险一金+双休
杭州企加云计算技术有限公司,企加云,50-150人,A轮,滨江区,java开发工程师,3-5年,本科,12k-24k,"领导好,平台高,弹性工作"
连连银通电子支付有限公司,连连支付,500-2000人,不需要融资,滨江区,Java (MJ000024),不限,大专,15k-30k,"双休,下午茶,餐补,团建"
杭州腾展科技股份有限公司,腾展科技,50-150人,上市公司,西湖区,Java,1-3年,本科,15k-25k,"海量用户,Top20,全员持股"
杭州酷汇网络技术有限公司,酷汇网络,15-50人,不需要融资,西湖区,Java开发工程师,3-5年,大专,10k-18k,"五险一金,年终奖,出国旅游,氛围友好"
北京中电博亚科技有限公司,中电博亚,50-150人,A轮,西湖区,JAVA开发工程师,3-5年,本科,15k-30k,"薪资丰厚,福利健全,双休+年假,扁平管理"
杭州涂鸦信息技术有限公司,涂鸦智能,500-2000人,C轮,西湖区,Java开发工程师,不限,不限,13k-25k,"平台大,福利众多,不打卡"
苏州融畅软件科技有限公司,融畅软件,50-150人,未融资,滨江区,java,3-5年,本科,15k-23k,福利和待遇非常好，有较好的上升空间。
税友软件集团股份有限公司,税友软件,2000人以上,不需要融资,滨江区,Java工程师,3-5年,大专,10k-18k,"五险一金,周末双休,节假日福利,员工旅游"
浙江卓家信息咨询有限公司,浙江卓家信息咨询有限公司,500-2000人,未融资,上城区,Java开发工程师,3-5年,大专,15k-25k,"周末双休,工作氛围"
阿里体育（上海）有限公司,阿里体育,150-500人,A轮,余杭区,Java工程师-杭州,1-3年,本科,20k-35k,"免费三餐,技术氛围好,团队大牛多,工程师文化"
上海裕宁信息科技有限公司,裕宁科技,50-150人,未融资,余杭区,Java开发工程师,1-3年,本科,10k-18k,"分布式,MQ,J2EE,JAVA"
杭州会搜科技有限公司,会搜股份,150-500人,上市公司,江干区,中级java,3-5年,本科,12k-24k,"五险一金,年终奖金,双休,员工旅游"
杭州橙鹰数据技术有限公司,橙鹰,150-500人,不需要融资,余杭区,资深java开发工程师（技术部）,3-5年,本科,15k-30k,"氛围浓厚,大数据应用,大牛多"
杭州贝安云科技有限公司,贝安云,50-150人,未融资,西湖区,Java,1-3年,本科,10k-20k,技术大拿指导
杭州冒险元素网络技术有限公司,环球黑卡,150-500人,B轮,滨江区,中级Java开发工程师,3-5年,本科,10k-20k,"公司盈利,广阔平台,节日福利,周末双休"
杭州光云科技股份有限公司,光云科技,500-2000人,不需要融资,滨江区,高级java开发工程师,1-3年,本科,10k-15k,"六险一金,包餐,股权,弹性时间"
苏州融畅软件科技有限公司,融畅软件,50-150人,未融资,西湖区,Java开发工程师,3-5年,本科,20k-30k,福利和待遇非常好，有较好的上升空间
浙江霖梓控股有限公司,霖梓控股,150-500人,B轮,滨江区,Java开发工程师,5-10年,本科,15k-30k,"福利多多,晋升发展,五险一金,周末双休"
杭州光云科技股份有限公司,光云科技,500-2000人,不需要融资,滨江区,资深java开发工程师,3-5年,本科,16k-25k,"股票期权,六险一金,弹性时间,员工食堂"
杭州腾展科技股份有限公司,腾展科技,50-150人,上市公司,西湖区,Java server 开发工程师,3-5年,本科,15k-30k,"精英团队,股票期权,千万级用户,全球top"
杭州图南电子股份有限公司,杭州图南电子股份有限公司,150-500人,上市公司,滨江区,Java开发工程师,1-3年,本科,15k-25k,五险一金
成都睿码科技有限责任公司,Remark Holdings,150-500人,上市公司,余杭区,Java开发工程师,3-5年,本科,12k-24k,"六险一金,年底双薪,年终绩效,多重福利"
浙江企朋网络技术股份有限公司,企朋,150-500人,不需要融资,西湖区,资深Java开发工程师（eUICC方向）,3-5年,本科,15k-25k,"上班不打卡,定制中晚餐,全员mac,全员海外游"
浙江新华移动传媒股份有限公司,新移传媒,50-150人,不需要融资,上城区,JAVA开发工程师-杭州,3-5年,本科,13k-17k,"央媒平台,主流影响,扁平管理,福利齐全"
杭州有赞科技有限公司,有赞,500-2000人,上市公司,西湖区,Java开发工程师--广告平台方向,不限,不限,15k-25k,"福利待遇佳,发展空间大,氛围环境好,上市公司"
北京广通信达软件股份有限公司杭州分公司,广通软件,150-500人,上市公司,西湖区,Java开发工程师,3-5年,大专,12k-24k,福利待遇好，发展空间大，技术氛围好
连连银通电子支付有限公司,连连支付,500-2000人,不需要融资,滨江区,JAVA开发工程师-跨境事业部,3-5年,不限,9k-18k,"下午茶,福利津贴,免费班车,五险一金"
杭州今元标矩科技有限公司,金柚网,500-2000人,B轮,江干区,java开发工程师,3-5年,本科,15k-20k,"周末双休,五险一金,成长空间大,发展前景好"
上海中软华腾软件系统有限公司,上海中软华腾软件系统有限公司,2000人以上,上市公司,西湖区,java,3-5年,本科,12k-18k,五险一金 带薪年假 法定节假日
杭州嘉云数据科技有限公司,Club Factory,150-500人,C轮,西湖区,Java开发工程师,1-3年,本科,10k-20k,"弹性工作,周末双休"
杭州天卓网络有限公司,天卓网络,50-150人,A轮,西湖区,Java工程师,3-5年,大专,20k-40k,"五险一金,海外游,期权激励"
苏州融畅软件科技有限公司,融畅软件,50-150人,未融资,西湖区,Java开发工程师,3-5年,本科,20k-40k,股权可折现
浙江霖梓控股有限公司,霖梓控股,150-500人,B轮,滨江区,Java开发工程师,1-3年,大专,9k-14k,"周末双休,五险一金,弹性时间"
浙江阿拉丁电子商务股份有限公司,阿拉丁信息科技,150-500人,上市公司,滨江区,Java开发工程师,3-5年,大专,15k-30k,五险一金
杭州有赞科技有限公司,有赞,500-2000人,上市公司,西湖区,Java开发工程师-效能平台-杭州-00449,5-10年,本科,20k-40k,业务挑战、技术挑战
杭州车厘子智能科技有限公司,车纷享,150-500人,不需要融资,拱墅区,JAVA开发工程师,3-5年,不限,10k-20k,"双休,项目奖金,年终奖,五险一金"
杭州之遇科技有限公司,赋能加速器,少于15人,未融资,西湖区,Java工程师,5-10年,本科,20k-30k,"团队氛围好,弹性工作,五险一金"
杭州孚嘉科技有限公司,孚嘉科技,150-500人,A轮,拱墅区,java开发工程师,3-5年,本科,10k-20k,"丰厚年终,福利齐全,团建活动"
杭州腾展科技股份有限公司,腾展科技,50-150人,上市公司,西湖区,资深Java工程师,5-10年,本科,25k-35k,"全球化产品,发展空间大,股权激励,精英团队"
杭州火烧云科技有限公司,婚礼纪,150-500人,C轮,西湖区,JAVA开发,3-5年,本科,15k-22k,"大平台,学习空间多,年终奖"
杭州空岛科技有限公司,空岛,15-50人,不需要融资,余杭区,JAVA,3-5年,大专,18k-30k,"大流量挑战,年底双薪,上班不打卡,发展空间大"
浙江吉利汽车有限公司,吉利汽车,2000人以上,上市公司,滨江区,JAVA开发工程师,3-5年,本科,12k-22k,"产品棒,有前景,大平台,氛围好"
道富信息科技浙江有限公司,美国道富,2000人以上,上市公司,西湖区,Java,3-5年,本科,8k-16k,国际化的办公环境
浙江达摩网络科技有限公司,达摩网络,50-150人,A轮,西湖区,中级Java工程师,1-3年,本科,12k-17k,老板nice，水果零食，
浙江钱兔网络科技有限公司,浙江钱兔网络科技有限公司,150-500人,未融资,萧山区,中级java工程师,3-5年,大专,8k-12k,"五险一金,带薪年假,年终分红,股票期权"
杭州旦悦科技有限公司,abc360,500-2000人,C轮,滨江区,Java开发工程师,3-5年,本科,20k-35k,"免费下午茶,试用期全额"
